order_id,order_date,sku_id,warehouse_id,supplier_id,order_qty,fulfilled_qty,supplier_risk,distance_km,is_delayed,status
ORD-1000,2025-11-06,SKU-1019,WH-WEST,SUP-5,82,80,0.197,3288,0,OPEN
ORD-1001,2026-01-05,SKU-1003,WH-SOUTH,SUP-5,218,138,0.869,3570,1,OPEN
ORD-1002,2026-01-23,SKU-1012,WH-WEST,SUP-6,160,108,0.562,1118,0,OPEN
ORD-1003,2025-12-15,SKU-1010,WH-WEST,SUP-10,220,112,0.773,1531,0,OPEN
ORD-1004,2025-12-29,SKU-1019,WH-SOUTH,SUP-7,214,204,0.164,786,0,OPEN
ORD-1005,2025-12-09,SKU-1041,WH-EAST,SUP-10,110,98,0.785,3025,1,OPEN
ORD-1006,2026-02-14,SKU-1002,WH-CENTRAL,SUP-1,196,109,0.417,3069,0,OPEN
ORD-1007,2025-11-25,SKU-1030,WH-SOUTH,SUP-5,168,121,0.348,623,0,OPEN
ORD-1008,2025-11-18,SKU-1000,WH-WEST,SUP-6,263,169,0.841,3784,1,OPEN
ORD-1009,2025-10-06,SKU-1046,WH-SOUTH,SUP-10,186,125,0.446,1406,0,OPEN
ORD-1010,2025-12-03,SKU-1020,WH-EAST,SUP-4,67,48,0.314,590,0,OPEN
ORD-1011,2025-10-05,SKU-1006,WH-SOUTH,SUP-4,286,277,0.41,3857,0,OPEN
ORD-1012,2025-10-23,SKU-1004,WH-SOUTH,SUP-10,292,191,0.581,2773,0,OPEN
ORD-1013,2025-11-14,SKU-1040,WH-EAST,SUP-8,347,273,0.268,4170,0,OPEN
ORD-1014,2025-12-06,SKU-1007,WH-CENTRAL,SUP-1,63,54,0.502,4509,1,OPEN
ORD-1015,2025-12-31,SKU-1052,WH-CENTRAL,SUP-2,26,22,0.345,2796,0,OPEN
ORD-1016,2026-01-12,SKU-1001,WH-WEST,SUP-10,299,155,0.165,2184,0,OPEN
ORD-1017,2026-02-22,SKU-1001,WH-CENTRAL,SUP-10,288,193,0.076,2915,0,OPEN
ORD-1018,2025-10-31,SKU-1046,WH-CENTRAL,SUP-3,14,12,0.791,4362,1,OPEN
ORD-1019,2025-12-21,SKU-1058,WH-WEST,SUP-5,179,105,0.858,356,0,OPEN
ORD-1020,2025-10-30,SKU-1042,WH-SOUTH,SUP-1,144,104,0.306,4685,0,OPEN
ORD-1021,2026-01-14,SKU-1003,WH-CENTRAL,SUP-10,235,210,0.737,2990,1,OPEN
ORD-1022,2026-01-27,SKU-1033,WH-WEST,SUP-1,322,194,0.417,3525,0,OPEN
ORD-1023,2025-11-23,SKU-1043,WH-WEST,SUP-3,198,147,0.366,2956,0,OPEN
ORD-1024,2025-11-19,SKU-1020,WH-WEST,SUP-1,356,347,0.308,1114,0,OPEN
ORD-1025,2026-01-24,SKU-1032,WH-SOUTH,SUP-3,291,159,0.347,1165,0,OPEN
ORD-1026,2026-01-03,SKU-1057,WH-WEST,SUP-6,199,127,0.369,3486,0,OPEN
ORD-1027,2025-11-26,SKU-1018,WH-CENTRAL,SUP-3,151,77,0.156,3644,0,OPEN
ORD-1028,2025-12-16,SKU-1056,WH-EAST,SUP-7,14,7,0.791,1687,1,OPEN
ORD-1029,2026-01-16,SKU-1021,WH-WEST,SUP-3,147,132,0.432,699,0,OPEN
ORD-1030,2026-01-14,SKU-1038,WH-WEST,SUP-2,179,136,0.224,2878,0,OPEN
ORD-1031,2026-01-30,SKU-1002,WH-CENTRAL,SUP-1,201,162,0.421,2698,0,OPEN
ORD-1032,2025-12-21,SKU-1016,WH-CENTRAL,SUP-3,178,112,0.479,1777,0,OPEN
ORD-1033,2026-02-16,SKU-1045,WH-WEST,SUP-8,349,297,0.725,535,0,OPEN
ORD-1034,2025-11-30,SKU-1053,WH-WEST,SUP-2,236,135,0.196,3204,0,OPEN
ORD-1035,2025-12-14,SKU-1001,WH-WEST,SUP-6,156,93,0.5,4243,1,OPEN
ORD-1036,2025-10-09,SKU-1037,WH-WEST,SUP-4,309,164,0.738,3666,1,OPEN
ORD-1037,2026-02-06,SKU-1057,WH-CENTRAL,SUP-6,157,152,0.783,2060,0,OPEN
ORD-1038,2026-01-22,SKU-1041,WH-CENTRAL,SUP-3,54,35,0.186,3400,0,OPEN
ORD-1039,2026-01-27,SKU-1058,WH-WEST,SUP-3,186,119,0.378,4818,0,OPEN
ORD-1040,2025-11-20,SKU-1049,WH-SOUTH,SUP-1,112,79,0.682,1813,0,OPEN
ORD-1041,2026-01-15,SKU-1050,WH-EAST,SUP-5,358,220,0.355,2292,0,OPEN
ORD-1042,2025-11-28,SKU-1027,WH-EAST,SUP-10,339,323,0.644,4864,1,OPEN
ORD-1043,2026-02-01,SKU-1007,WH-CENTRAL,SUP-5,64,40,0.286,3892,0,OPEN
ORD-1044,2025-11-26,SKU-1038,WH-WEST,SUP-7,279,145,0.341,1956,0,OPEN
ORD-1045,2026-02-23,SKU-1037,WH-WEST,SUP-1,219,201,0.117,2553,0,OPEN
ORD-1046,2025-10-04,SKU-1003,WH-EAST,SUP-10,298,257,0.629,105,0,OPEN
ORD-1047,2026-02-06,SKU-1048,WH-SOUTH,SUP-3,222,131,0.314,322,0,OPEN
ORD-1048,2025-11-09,SKU-1059,WH-SOUTH,SUP-7,317,218,0.128,4937,0,OPEN
ORD-1049,2025-11-07,SKU-1024,WH-EAST,SUP-2,321,186,0.286,1644,0,OPEN
ORD-1050,2025-11-20,SKU-1045,WH-CENTRAL,SUP-1,129,122,0.212,1306,0,OPEN
ORD-1051,2025-12-23,SKU-1025,WH-SOUTH,SUP-3,130,124,0.387,2968,0,OPEN
ORD-1052,2025-12-23,SKU-1039,WH-EAST,SUP-2,62,32,0.909,1480,1,OPEN
ORD-1053,2025-11-15,SKU-1047,WH-WEST,SUP-5,224,136,0.877,3981,1,OPEN
ORD-1054,2026-01-13,SKU-1059,WH-EAST,SUP-8,315,222,0.805,4041,1,OPEN
ORD-1055,2025-11-12,SKU-1001,WH-SOUTH,SUP-10,97,78,0.77,394,0,OPEN
ORD-1056,2025-10-15,SKU-1058,WH-SOUTH,SUP-4,214,195,0.865,2554,1,OPEN
ORD-1057,2025-11-26,SKU-1022,WH-WEST,SUP-4,144,136,0.202,2583,0,OPEN
ORD-1058,2025-12-27,SKU-1000,WH-WEST,SUP-2,206,199,0.499,3312,0,OPEN
ORD-1059,2025-12-01,SKU-1050,WH-EAST,SUP-9,34,26,0.757,3888,1,OPEN
ORD-1060,2025-12-20,SKU-1054,WH-SOUTH,SUP-2,177,154,0.896,2612,1,OPEN
ORD-1061,2025-10-20,SKU-1048,WH-CENTRAL,SUP-8,106,100,0.6,1148,0,OPEN
ORD-1062,2025-11-08,SKU-1035,WH-CENTRAL,SUP-4,105,91,0.172,2758,0,OPEN
ORD-1063,2026-02-12,SKU-1055,WH-EAST,SUP-10,144,105,0.363,1779,0,OPEN
ORD-1064,2025-10-13,SKU-1008,WH-SOUTH,SUP-2,115,105,0.219,3908,0,OPEN
ORD-1065,2026-01-08,SKU-1052,WH-SOUTH,SUP-9,113,91,0.739,1493,0,OPEN
ORD-1066,2025-10-17,SKU-1026,WH-SOUTH,SUP-8,107,68,0.774,1322,0,OPEN
ORD-1067,2026-02-24,SKU-1012,WH-CENTRAL,SUP-10,153,78,0.406,3724,0,OPEN
ORD-1068,2026-01-31,SKU-1047,WH-CENTRAL,SUP-2,55,48,0.051,2564,0,OPEN
ORD-1069,2025-12-19,SKU-1055,WH-SOUTH,SUP-2,109,55,0.881,1492,1,OPEN
ORD-1070,2026-02-13,SKU-1054,WH-WEST,SUP-3,54,48,0.842,4378,1,OPEN
ORD-1071,2025-10-17,SKU-1014,WH-CENTRAL,SUP-8,97,86,0.887,4548,1,OPEN
ORD-1072,2026-01-27,SKU-1019,WH-CENTRAL,SUP-6,253,150,0.722,4646,1,OPEN
ORD-1073,2025-12-08,SKU-1033,WH-WEST,SUP-4,128,118,0.941,4170,1,OPEN
ORD-1074,2025-11-10,SKU-1022,WH-SOUTH,SUP-1,187,145,0.296,472,0,OPEN
ORD-1075,2025-10-19,SKU-1034,WH-CENTRAL,SUP-4,244,238,0.164,2778,0,OPEN
ORD-1076,2026-02-21,SKU-1006,WH-WEST,SUP-8,220,212,0.8,4620,1,OPEN
ORD-1077,2025-11-25,SKU-1040,WH-EAST,SUP-2,227,116,0.783,4890,1,OPEN
ORD-1078,2025-10-07,SKU-1025,WH-WEST,SUP-2,359,221,0.29,4782,0,OPEN
ORD-1079,2026-02-18,SKU-1037,WH-EAST,SUP-2,352,319,0.59,1648,0,OPEN
ORD-1080,2026-01-23,SKU-1010,WH-WEST,SUP-1,235,179,0.133,2326,0,OPEN
ORD-1081,2026-02-12,SKU-1013,WH-WEST,SUP-7,56,32,0.183,141,0,OPEN
ORD-1082,2025-11-12,SKU-1012,WH-WEST,SUP-5,147,111,0.924,3624,1,OPEN
ORD-1083,2025-11-16,SKU-1052,WH-CENTRAL,SUP-3,291,196,0.835,3428,1,OPEN
ORD-1084,2025-10-05,SKU-1013,WH-WEST,SUP-6,147,101,0.206,3434,0,OPEN
ORD-1085,2025-10-04,SKU-1008,WH-SOUTH,SUP-7,36,19,0.638,4080,1,OPEN
ORD-1086,2026-01-18,SKU-1046,WH-SOUTH,SUP-4,347,278,0.69,2249,0,OPEN
ORD-1087,2026-02-01,SKU-1044,WH-EAST,SUP-4,87,79,0.527,4711,1,OPEN
ORD-1088,2025-12-27,SKU-1004,WH-SOUTH,SUP-7,288,199,0.501,1543,0,OPEN
ORD-1089,2025-10-09,SKU-1000,WH-WEST,SUP-7,14,9,0.663,911,0,OPEN
ORD-1090,2026-01-05,SKU-1055,WH-SOUTH,SUP-8,347,330,0.074,2744,0,OPEN
ORD-1091,2025-11-13,SKU-1053,WH-EAST,SUP-7,183,149,0.918,250,0,OPEN
ORD-1092,2025-11-18,SKU-1045,WH-WEST,SUP-3,271,267,0.599,1511,0,OPEN
ORD-1093,2026-02-04,SKU-1052,WH-SOUTH,SUP-3,12,11,0.479,2986,0,OPEN
ORD-1094,2026-01-03,SKU-1056,WH-CENTRAL,SUP-10,248,150,0.303,2658,0,OPEN
ORD-1095,2026-01-11,SKU-1015,WH-SOUTH,SUP-10,31,26,0.296,2038,0,OPEN
ORD-1096,2025-10-27,SKU-1021,WH-WEST,SUP-5,48,27,0.605,4247,1,OPEN
ORD-1097,2025-10-20,SKU-1033,WH-CENTRAL,SUP-8,235,136,0.223,1214,0,OPEN
ORD-1098,2026-01-01,SKU-1034,WH-WEST,SUP-2,117,95,0.681,1923,0,OPEN
ORD-1099,2025-10-18,SKU-1029,WH-EAST,SUP-6,236,121,0.127,3369,0,OPEN
ORD-1100,2025-12-05,SKU-1040,WH-CENTRAL,SUP-3,176,108,0.398,663,0,OPEN
ORD-1101,2025-11-13,SKU-1055,WH-SOUTH,SUP-7,41,40,0.305,2656,0,OPEN
ORD-1102,2025-11-10,SKU-1000,WH-CENTRAL,SUP-1,139,90,0.052,2927,0,OPEN
ORD-1103,2025-10-05,SKU-1017,WH-WEST,SUP-7,226,194,0.676,3095,0,OPEN
ORD-1104,2026-01-20,SKU-1045,WH-SOUTH,SUP-5,102,87,0.85,4015,1,OPEN
ORD-1105,2025-10-30,SKU-1004,WH-CENTRAL,SUP-4,158,121,0.399,4618,0,OPEN
ORD-1106,2025-11-25,SKU-1008,WH-WEST,SUP-4,211,194,0.267,3002,0,OPEN
ORD-1107,2025-10-08,SKU-1023,WH-SOUTH,SUP-7,313,188,0.641,4309,1,OPEN
ORD-1108,2026-01-21,SKU-1044,WH-SOUTH,SUP-2,318,181,0.152,663,0,OPEN
ORD-1109,2025-12-28,SKU-1018,WH-WEST,SUP-2,210,188,0.816,950,0,OPEN
ORD-1110,2025-11-13,SKU-1035,WH-CENTRAL,SUP-3,220,147,0.505,1274,0,OPEN
ORD-1111,2025-12-21,SKU-1015,WH-EAST,SUP-10,192,115,0.663,394,0,OPEN
ORD-1112,2026-01-27,SKU-1049,WH-SOUTH,SUP-9,49,37,0.326,4197,0,OPEN
ORD-1113,2026-01-07,SKU-1046,WH-EAST,SUP-8,356,300,0.524,3261,0,OPEN
ORD-1114,2026-02-21,SKU-1019,WH-CENTRAL,SUP-2,181,138,0.56,1706,0,OPEN
ORD-1115,2026-01-23,SKU-1023,WH-SOUTH,SUP-8,105,94,0.609,129,0,OPEN
ORD-1116,2026-02-11,SKU-1043,WH-CENTRAL,SUP-1,152,102,0.762,2914,1,OPEN
ORD-1117,2026-01-10,SKU-1008,WH-EAST,SUP-8,167,150,0.438,1109,0,OPEN
ORD-1118,2026-02-15,SKU-1044,WH-CENTRAL,SUP-1,286,274,0.438,2448,0,OPEN
ORD-1119,2026-02-03,SKU-1011,WH-SOUTH,SUP-9,280,221,0.435,4593,0,OPEN
ORD-1120,2025-12-02,SKU-1040,WH-CENTRAL,SUP-10,159,133,0.086,1838,0,OPEN
ORD-1121,2025-10-05,SKU-1052,WH-SOUTH,SUP-5,262,205,0.384,2001,0,OPEN
ORD-1122,2025-11-26,SKU-1023,WH-EAST,SUP-6,310,201,0.885,1568,1,OPEN
ORD-1123,2025-11-23,SKU-1027,WH-WEST,SUP-3,22,13,0.662,3681,1,OPEN
ORD-1124,2025-09-30,SKU-1007,WH-SOUTH,SUP-2,207,178,0.386,2555,0,OPEN
ORD-1125,2025-10-04,SKU-1012,WH-EAST,SUP-1,12,6,0.787,3319,1,OPEN
ORD-1126,2026-01-26,SKU-1038,WH-WEST,SUP-6,181,127,0.297,1837,0,OPEN
ORD-1127,2026-02-04,SKU-1028,WH-CENTRAL,SUP-6,106,72,0.425,630,0,OPEN
ORD-1128,2025-10-12,SKU-1042,WH-CENTRAL,SUP-2,126,119,0.311,3109,0,OPEN
ORD-1129,2025-11-23,SKU-1006,WH-EAST,SUP-2,349,268,0.417,3742,0,OPEN
ORD-1130,2025-11-10,SKU-1027,WH-EAST,SUP-7,99,62,0.176,3719,0,OPEN
ORD-1131,2025-12-19,SKU-1028,WH-WEST,SUP-5,31,22,0.566,3782,1,OPEN
ORD-1132,2026-01-23,SKU-1034,WH-CENTRAL,SUP-1,341,180,0.177,1971,0,OPEN
ORD-1133,2025-10-11,SKU-1014,WH-WEST,SUP-1,15,9,0.458,150,0,OPEN
ORD-1134,2025-11-28,SKU-1039,WH-EAST,SUP-7,125,105,0.735,4009,1,OPEN
ORD-1135,2026-02-22,SKU-1023,WH-CENTRAL,SUP-8,332,206,0.857,4789,1,OPEN
ORD-1136,2026-02-02,SKU-1036,WH-CENTRAL,SUP-1,35,22,0.645,1606,0,OPEN
ORD-1137,2025-11-26,SKU-1055,WH-CENTRAL,SUP-4,57,54,0.393,587,0,OPEN
ORD-1138,2025-12-07,SKU-1000,WH-EAST,SUP-10,196,124,0.233,388,0,OPEN
ORD-1139,2025-12-08,SKU-1029,WH-CENTRAL,SUP-4,119,93,0.302,2417,0,OPEN
ORD-1140,2025-10-03,SKU-1002,WH-CENTRAL,SUP-1,139,138,0.294,256,0,OPEN
ORD-1141,2026-02-16,SKU-1044,WH-CENTRAL,SUP-9,311,169,0.648,2448,0,OPEN
ORD-1142,2025-10-05,SKU-1018,WH-EAST,SUP-6,128,90,0.741,2651,1,OPEN
ORD-1143,2025-12-15,SKU-1019,WH-CENTRAL,SUP-4,148,133,0.178,2394,0,OPEN
ORD-1144,2025-10-09,SKU-1010,WH-CENTRAL,SUP-4,91,80,0.459,1012,0,OPEN
ORD-1145,2026-01-12,SKU-1011,WH-EAST,SUP-5,23,18,0.732,4966,1,OPEN
ORD-1146,2025-11-14,SKU-1032,WH-CENTRAL,SUP-6,202,172,0.678,3036,0,OPEN
ORD-1147,2026-01-12,SKU-1020,WH-EAST,SUP-7,154,88,0.148,934,0,OPEN
ORD-1148,2025-12-21,SKU-1020,WH-SOUTH,SUP-3,26,13,0.566,1885,0,OPEN
ORD-1149,2026-02-18,SKU-1012,WH-EAST,SUP-1,264,148,0.891,4054,1,OPEN
ORD-1150,2026-02-05,SKU-1035,WH-WEST,SUP-10,228,216,0.822,1881,0,OPEN
ORD-1151,2025-10-23,SKU-1030,WH-EAST,SUP-4,64,37,0.263,4404,0,OPEN
ORD-1152,2025-11-15,SKU-1014,WH-SOUTH,SUP-6,180,152,0.807,2485,1,OPEN
ORD-1153,2026-01-26,SKU-1040,WH-WEST,SUP-10,101,54,0.936,790,1,OPEN
ORD-1154,2025-12-16,SKU-1047,WH-WEST,SUP-2,318,300,0.891,463,0,OPEN
ORD-1155,2025-10-11,SKU-1015,WH-EAST,SUP-7,125,110,0.832,92,0,OPEN
ORD-1156,2025-10-03,SKU-1018,WH-SOUTH,SUP-1,324,298,0.159,3294,0,OPEN
ORD-1157,2026-02-04,SKU-1042,WH-SOUTH,SUP-2,12,11,0.441,1351,0,OPEN
ORD-1158,2026-02-21,SKU-1017,WH-SOUTH,SUP-2,199,164,0.643,1349,0,OPEN
ORD-1159,2025-10-16,SKU-1030,WH-EAST,SUP-10,250,235,0.832,297,0,OPEN
ORD-1160,2026-02-14,SKU-1046,WH-SOUTH,SUP-5,123,122,0.798,2579,0,OPEN
ORD-1161,2025-10-03,SKU-1047,WH-SOUTH,SUP-10,40,21,0.422,412,0,OPEN
ORD-1162,2025-10-16,SKU-1015,WH-CENTRAL,SUP-10,34,17,0.37,4957,1,OPEN
ORD-1163,2025-12-14,SKU-1045,WH-SOUTH,SUP-7,84,73,0.68,4154,1,OPEN
ORD-1164,2025-10-20,SKU-1008,WH-SOUTH,SUP-1,65,51,0.298,778,0,OPEN
ORD-1165,2025-10-19,SKU-1056,WH-CENTRAL,SUP-1,165,102,0.428,207,0,OPEN
ORD-1166,2025-10-08,SKU-1041,WH-EAST,SUP-10,77,64,0.818,1427,0,OPEN
ORD-1167,2026-01-17,SKU-1041,WH-CENTRAL,SUP-5,275,228,0.303,1386,0,OPEN
ORD-1168,2025-10-27,SKU-1056,WH-WEST,SUP-2,273,183,0.814,1287,0,OPEN
ORD-1169,2026-02-04,SKU-1003,WH-SOUTH,SUP-4,37,19,0.102,459,0,OPEN
ORD-1170,2025-12-27,SKU-1028,WH-SOUTH,SUP-5,104,103,0.128,2737,0,OPEN
ORD-1171,2025-11-06,SKU-1020,WH-WEST,SUP-2,348,268,0.377,776,0,OPEN
ORD-1172,2025-12-19,SKU-1029,WH-SOUTH,SUP-5,143,78,0.662,1594,0,OPEN
ORD-1173,2025-12-01,SKU-1023,WH-SOUTH,SUP-7,186,167,0.251,2745,0,OPEN
ORD-1174,2025-12-05,SKU-1009,WH-WEST,SUP-3,90,84,0.915,480,0,OPEN
ORD-1175,2025-10-20,SKU-1052,WH-WEST,SUP-3,66,45,0.588,4549,1,OPEN
ORD-1176,2026-01-24,SKU-1027,WH-SOUTH,SUP-3,78,70,0.121,4007,0,OPEN
ORD-1177,2025-12-04,SKU-1052,WH-SOUTH,SUP-7,70,37,0.262,4366,0,OPEN
ORD-1178,2025-12-11,SKU-1039,WH-CENTRAL,SUP-9,182,154,0.824,4122,1,OPEN
ORD-1179,2025-09-30,SKU-1013,WH-CENTRAL,SUP-3,197,194,0.151,637,0,OPEN
ORD-1180,2025-10-26,SKU-1032,WH-EAST,SUP-6,205,179,0.072,1501,0,OPEN
ORD-1181,2025-12-23,SKU-1053,WH-SOUTH,SUP-10,39,24,0.273,4174,0,OPEN
ORD-1182,2025-11-18,SKU-1030,WH-CENTRAL,SUP-5,303,211,0.075,3344,0,OPEN
ORD-1183,2025-12-25,SKU-1024,WH-CENTRAL,SUP-3,65,54,0.231,4352,0,OPEN
ORD-1184,2026-02-16,SKU-1007,WH-CENTRAL,SUP-2,83,59,0.491,280,0,OPEN
ORD-1185,2025-11-01,SKU-1040,WH-CENTRAL,SUP-1,344,342,0.797,1304,0,OPEN
ORD-1186,2026-01-16,SKU-1031,WH-CENTRAL,SUP-8,52,46,0.462,565,0,OPEN
ORD-1187,2025-09-28,SKU-1040,WH-EAST,SUP-9,315,225,0.55,1100,0,OPEN
ORD-1188,2025-11-18,SKU-1013,WH-EAST,SUP-1,241,205,0.153,3767,0,OPEN
ORD-1189,2026-01-07,SKU-1025,WH-SOUTH,SUP-3,224,119,0.361,1877,0,OPEN
ORD-1190,2026-01-20,SKU-1014,WH-EAST,SUP-5,150,100,0.635,4992,1,OPEN
ORD-1191,2026-01-18,SKU-1033,WH-EAST,SUP-1,271,140,0.484,3913,1,OPEN
ORD-1192,2025-10-07,SKU-1013,WH-EAST,SUP-1,314,210,0.895,4035,1,OPEN
ORD-1193,2025-10-25,SKU-1028,WH-EAST,SUP-10,46,27,0.426,4957,1,OPEN
ORD-1194,2025-11-08,SKU-1012,WH-EAST,SUP-7,101,75,0.881,2881,1,OPEN
ORD-1195,2026-01-12,SKU-1040,WH-WEST,SUP-4,104,69,0.239,2735,0,OPEN
ORD-1196,2025-11-13,SKU-1046,WH-WEST,SUP-9,108,57,0.66,3129,1,OPEN
ORD-1197,2026-02-01,SKU-1049,WH-SOUTH,SUP-8,13,7,0.742,2073,0,OPEN
ORD-1198,2026-01-20,SKU-1054,WH-CENTRAL,SUP-7,82,57,0.919,4632,1,OPEN
ORD-1199,2025-12-02,SKU-1032,WH-WEST,SUP-2,212,169,0.205,1859,0,OPEN
ORD-1200,2025-11-07,SKU-1014,WH-CENTRAL,SUP-8,356,225,0.607,2296,0,OPEN
ORD-1201,2026-01-11,SKU-1052,WH-EAST,SUP-9,9,6,0.887,2288,1,OPEN
ORD-1202,2025-11-09,SKU-1017,WH-SOUTH,SUP-8,60,58,0.499,2013,0,OPEN
ORD-1203,2026-02-08,SKU-1030,WH-WEST,SUP-9,45,31,0.935,1280,1,OPEN
ORD-1204,2025-11-01,SKU-1005,WH-WEST,SUP-5,262,194,0.865,3561,1,OPEN
ORD-1205,2025-11-23,SKU-1003,WH-SOUTH,SUP-3,358,268,0.316,3549,0,OPEN
ORD-1206,2026-01-19,SKU-1051,WH-EAST,SUP-8,117,112,0.488,1363,0,OPEN
ORD-1207,2025-12-28,SKU-1035,WH-SOUTH,SUP-3,39,22,0.342,2944,0,OPEN
ORD-1208,2026-01-04,SKU-1009,WH-EAST,SUP-2,305,223,0.775,4212,1,OPEN
ORD-1209,2026-02-09,SKU-1019,WH-EAST,SUP-2,354,320,0.099,1793,0,OPEN
ORD-1210,2025-10-03,SKU-1027,WH-EAST,SUP-3,88,67,0.669,4607,1,OPEN
ORD-1211,2026-01-09,SKU-1044,WH-WEST,SUP-6,197,131,0.054,3548,0,OPEN
ORD-1212,2025-10-29,SKU-1055,WH-EAST,SUP-5,117,80,0.1,907,0,OPEN
ORD-1213,2025-12-24,SKU-1017,WH-WEST,SUP-5,179,107,0.75,3921,1,OPEN
ORD-1214,2025-12-13,SKU-1009,WH-EAST,SUP-9,148,123,0.242,1409,0,OPEN
ORD-1215,2026-02-03,SKU-1038,WH-EAST,SUP-9,53,48,0.563,998,0,OPEN
ORD-1216,2025-10-20,SKU-1023,WH-CENTRAL,SUP-7,294,253,0.871,2102,1,OPEN
ORD-1217,2025-11-12,SKU-1011,WH-EAST,SUP-4,146,76,0.209,1997,0,OPEN
ORD-1218,2025-10-11,SKU-1004,WH-CENTRAL,SUP-1,83,74,0.405,3778,0,OPEN
ORD-1219,2026-02-17,SKU-1038,WH-WEST,SUP-6,131,114,0.75,3149,1,OPEN
ORD-1220,2026-01-04,SKU-1046,WH-SOUTH,SUP-5,180,124,0.604,1821,0,OPEN
ORD-1221,2025-12-23,SKU-1036,WH-WEST,SUP-4,252,161,0.613,3750,1,OPEN
ORD-1222,2025-10-05,SKU-1050,WH-CENTRAL,SUP-2,145,142,0.223,664,0,OPEN
ORD-1223,2026-01-08,SKU-1041,WH-CENTRAL,SUP-3,353,201,0.522,404,0,OPEN
ORD-1224,2025-10-10,SKU-1048,WH-EAST,SUP-2,27,24,0.805,2290,0,OPEN
ORD-1225,2025-10-10,SKU-1001,WH-CENTRAL,SUP-1,122,77,0.523,602,0,OPEN
ORD-1226,2025-10-14,SKU-1044,WH-EAST,SUP-5,139,107,0.626,2248,0,OPEN
ORD-1227,2026-02-06,SKU-1027,WH-CENTRAL,SUP-6,17,14,0.679,3907,1,OPEN
ORD-1228,2025-12-12,SKU-1024,WH-EAST,SUP-5,21,20,0.379,2122,0,OPEN
ORD-1229,2026-02-13,SKU-1044,WH-WEST,SUP-3,347,307,0.515,3815,0,OPEN
ORD-1230,2025-11-13,SKU-1001,WH-WEST,SUP-2,111,59,0.371,3799,0,OPEN
ORD-1231,2026-01-07,SKU-1026,WH-EAST,SUP-10,178,166,0.298,1116,0,OPEN
ORD-1232,2025-11-19,SKU-1046,WH-SOUTH,SUP-8,195,192,0.118,2529,0,OPEN
ORD-1233,2025-10-04,SKU-1017,WH-EAST,SUP-7,152,78,0.848,1994,1,OPEN
ORD-1234,2026-02-15,SKU-1051,WH-CENTRAL,SUP-2,94,60,0.359,2304,0,OPEN
ORD-1235,2025-12-15,SKU-1045,WH-EAST,SUP-7,275,258,0.691,3433,1,OPEN
ORD-1236,2025-10-01,SKU-1053,WH-WEST,SUP-2,313,239,0.235,2548,0,OPEN
ORD-1237,2025-10-16,SKU-1040,WH-CENTRAL,SUP-9,233,117,0.587,2582,0,OPEN
ORD-1238,2026-01-31,SKU-1018,WH-EAST,SUP-6,265,234,0.718,3615,1,OPEN
ORD-1239,2026-02-18,SKU-1026,WH-EAST,SUP-2,197,195,0.678,3924,1,OPEN
ORD-1240,2025-09-28,SKU-1045,WH-CENTRAL,SUP-7,50,28,0.478,985,0,OPEN
ORD-1241,2025-10-29,SKU-1050,WH-WEST,SUP-9,57,53,0.939,1094,0,OPEN
ORD-1242,2025-12-16,SKU-1023,WH-CENTRAL,SUP-7,252,204,0.187,4603,0,OPEN
ORD-1243,2025-11-10,SKU-1040,WH-EAST,SUP-9,289,232,0.719,2148,0,OPEN
ORD-1244,2025-12-22,SKU-1035,WH-EAST,SUP-7,114,59,0.159,3673,0,OPEN
ORD-1245,2025-10-01,SKU-1059,WH-WEST,SUP-2,94,92,0.502,1697,0,OPEN
ORD-1246,2025-11-13,SKU-1042,WH-EAST,SUP-10,238,237,0.056,2745,0,OPEN
ORD-1247,2026-01-28,SKU-1039,WH-CENTRAL,SUP-3,221,124,0.106,4198,0,OPEN
ORD-1248,2025-12-05,SKU-1009,WH-EAST,SUP-5,271,246,0.861,2552,1,OPEN
ORD-1249,2026-02-08,SKU-1057,WH-SOUTH,SUP-1,74,49,0.717,1704,0,OPEN
ORD-1250,2025-12-13,SKU-1013,WH-SOUTH,SUP-10,102,52,0.084,4945,0,OPEN
ORD-1251,2025-10-01,SKU-1044,WH-CENTRAL,SUP-5,89,67,0.125,3656,0,OPEN
ORD-1252,2026-01-02,SKU-1054,WH-CENTRAL,SUP-6,95,87,0.146,4686,0,OPEN
ORD-1253,2025-10-07,SKU-1027,WH-CENTRAL,SUP-2,228,180,0.808,2225,1,OPEN
ORD-1254,2026-02-15,SKU-1041,WH-CENTRAL,SUP-1,300,158,0.48,4197,1,OPEN
ORD-1255,2025-12-09,SKU-1000,WH-CENTRAL,SUP-9,270,251,0.801,969,0,OPEN
ORD-1256,2025-10-31,SKU-1035,WH-SOUTH,SUP-10,246,175,0.592,4426,1,OPEN
ORD-1257,2025-10-12,SKU-1044,WH-SOUTH,SUP-3,350,272,0.741,3167,1,OPEN
ORD-1258,2025-12-08,SKU-1057,WH-WEST,SUP-7,266,187,0.168,2431,0,OPEN
ORD-1259,2025-10-24,SKU-1025,WH-EAST,SUP-3,248,243,0.699,865,0,OPEN
ORD-1260,2025-10-26,SKU-1050,WH-CENTRAL,SUP-4,304,234,0.316,1588,0,OPEN
ORD-1261,2025-11-30,SKU-1051,WH-WEST,SUP-10,232,210,0.623,659,0,OPEN
ORD-1262,2025-11-08,SKU-1005,WH-SOUTH,SUP-10,125,121,0.187,3529,0,OPEN
ORD-1263,2025-12-17,SKU-1053,WH-SOUTH,SUP-4,219,174,0.346,4305,0,OPEN
ORD-1264,2026-02-02,SKU-1022,WH-CENTRAL,SUP-4,36,33,0.771,1019,0,OPEN
ORD-1265,2026-02-21,SKU-1049,WH-SOUTH,SUP-4,109,65,0.118,4489,0,OPEN
ORD-1266,2026-01-17,SKU-1004,WH-SOUTH,SUP-9,91,54,0.189,1773,0,OPEN
ORD-1267,2025-11-15,SKU-1032,WH-CENTRAL,SUP-6,330,287,0.307,1792,0,OPEN
ORD-1268,2025-10-16,SKU-1000,WH-SOUTH,SUP-1,21,17,0.239,2284,0,OPEN
ORD-1269,2025-11-04,SKU-1037,WH-SOUTH,SUP-6,212,207,0.797,1875,0,OPEN
ORD-1270,2026-02-22,SKU-1025,WH-SOUTH,SUP-4,95,64,0.84,3178,1,OPEN
ORD-1271,2025-11-28,SKU-1038,WH-EAST,SUP-3,26,15,0.796,3050,1,OPEN
ORD-1272,2025-10-13,SKU-1009,WH-CENTRAL,SUP-5,149,105,0.443,3830,0,OPEN
ORD-1273,2025-11-03,SKU-1026,WH-EAST,SUP-7,175,165,0.619,3121,0,OPEN
ORD-1274,2025-11-26,SKU-1004,WH-CENTRAL,SUP-4,87,67,0.564,3925,1,OPEN
ORD-1275,2025-12-14,SKU-1024,WH-SOUTH,SUP-3,127,83,0.628,2959,0,OPEN
ORD-1276,2026-01-01,SKU-1010,WH-SOUTH,SUP-2,213,159,0.603,3044,0,OPEN
ORD-1277,2026-01-20,SKU-1058,WH-EAST,SUP-7,63,54,0.881,1391,0,OPEN
ORD-1278,2025-10-31,SKU-1029,WH-SOUTH,SUP-10,66,36,0.635,631,0,OPEN
ORD-1279,2025-10-05,SKU-1000,WH-WEST,SUP-4,251,213,0.079,3964,0,OPEN
ORD-1280,2025-12-05,SKU-1037,WH-CENTRAL,SUP-7,187,134,0.726,3319,1,OPEN
ORD-1281,2026-02-12,SKU-1052,WH-CENTRAL,SUP-3,292,274,0.551,1564,0,OPEN
ORD-1282,2025-10-25,SKU-1008,WH-WEST,SUP-4,34,30,0.758,3530,1,OPEN
ORD-1283,2026-01-15,SKU-1007,WH-CENTRAL,SUP-4,323,285,0.353,4369,0,OPEN
ORD-1284,2025-12-13,SKU-1002,WH-EAST,SUP-6,190,99,0.237,2840,0,OPEN
ORD-1285,2026-01-25,SKU-1006,WH-SOUTH,SUP-3,315,241,0.506,4720,1,OPEN
ORD-1286,2025-11-29,SKU-1052,WH-CENTRAL,SUP-9,287,151,0.254,4776,0,OPEN
ORD-1287,2025-11-25,SKU-1046,WH-EAST,SUP-8,355,240,0.58,1417,0,OPEN
ORD-1288,2026-02-19,SKU-1018,WH-WEST,SUP-4,39,22,0.54,3577,1,OPEN
ORD-1289,2025-12-17,SKU-1000,WH-EAST,SUP-8,75,55,0.671,3057,1,OPEN
ORD-1290,2025-11-17,SKU-1005,WH-EAST,SUP-2,133,80,0.072,1217,0,OPEN
ORD-1291,2025-12-01,SKU-1039,WH-EAST,SUP-2,208,136,0.759,3549,1,OPEN
ORD-1292,2026-02-08,SKU-1010,WH-EAST,SUP-10,215,188,0.159,2204,0,OPEN
ORD-1293,2025-12-16,SKU-1014,WH-SOUTH,SUP-9,151,133,0.478,1203,0,OPEN
ORD-1294,2025-10-20,SKU-1044,WH-SOUTH,SUP-6,338,296,0.426,1876,0,OPEN
ORD-1295,2025-11-25,SKU-1051,WH-CENTRAL,SUP-9,263,227,0.932,4827,1,OPEN
ORD-1296,2026-01-04,SKU-1017,WH-EAST,SUP-8,16,10,0.767,1754,0,OPEN
ORD-1297,2026-02-09,SKU-1033,WH-CENTRAL,SUP-1,250,129,0.872,2276,1,OPEN
ORD-1298,2025-11-16,SKU-1017,WH-WEST,SUP-7,178,94,0.291,1494,0,OPEN
ORD-1299,2025-12-31,SKU-1013,WH-WEST,SUP-5,34,26,0.501,2598,0,OPEN
ORD-1300,2025-11-14,SKU-1016,WH-EAST,SUP-4,354,347,0.837,4482,1,OPEN
ORD-1301,2025-12-04,SKU-1035,WH-EAST,SUP-6,104,78,0.821,1805,0,OPEN
ORD-1302,2025-10-15,SKU-1010,WH-WEST,SUP-10,96,70,0.583,560,0,OPEN
ORD-1303,2025-11-25,SKU-1043,WH-CENTRAL,SUP-6,85,79,0.503,2033,0,OPEN
ORD-1304,2025-12-23,SKU-1022,WH-WEST,SUP-9,12,8,0.277,2625,0,OPEN
ORD-1305,2025-12-21,SKU-1050,WH-SOUTH,SUP-1,33,20,0.526,513,0,OPEN
ORD-1306,2025-11-13,SKU-1042,WH-EAST,SUP-8,106,103,0.829,1979,0,OPEN
ORD-1307,2026-02-17,SKU-1001,WH-WEST,SUP-10,103,51,0.697,4694,1,OPEN
ORD-1308,2026-02-09,SKU-1045,WH-CENTRAL,SUP-7,345,264,0.789,1466,0,OPEN
ORD-1309,2025-11-12,SKU-1055,WH-WEST,SUP-5,177,104,0.594,4397,1,OPEN
ORD-1310,2025-11-26,SKU-1015,WH-EAST,SUP-5,299,186,0.137,3411,0,OPEN
ORD-1311,2025-12-11,SKU-1049,WH-SOUTH,SUP-8,117,113,0.218,3864,0,OPEN
ORD-1312,2025-10-12,SKU-1038,WH-WEST,SUP-8,29,24,0.429,366,0,OPEN
ORD-1313,2025-10-03,SKU-1013,WH-SOUTH,SUP-6,60,46,0.85,4991,1,OPEN
ORD-1314,2025-11-01,SKU-1006,WH-SOUTH,SUP-5,269,148,0.479,4929,1,OPEN
ORD-1315,2026-01-04,SKU-1036,WH-EAST,SUP-10,290,279,0.894,4348,1,OPEN
ORD-1316,2026-02-14,SKU-1003,WH-CENTRAL,SUP-9,249,178,0.48,3729,0,OPEN
ORD-1317,2025-11-14,SKU-1031,WH-WEST,SUP-3,30,16,0.709,3113,1,OPEN
ORD-1318,2025-11-01,SKU-1015,WH-EAST,SUP-9,218,168,0.673,4546,1,OPEN
ORD-1319,2026-02-18,SKU-1036,WH-SOUTH,SUP-8,93,50,0.061,199,0,OPEN
ORD-1320,2025-11-20,SKU-1032,WH-EAST,SUP-6,324,300,0.44,1698,0,OPEN
ORD-1321,2025-11-14,SKU-1014,WH-CENTRAL,SUP-4,248,174,0.565,4800,1,OPEN
ORD-1322,2025-11-04,SKU-1051,WH-SOUTH,SUP-9,58,37,0.935,2488,1,OPEN
ORD-1323,2026-02-14,SKU-1055,WH-WEST,SUP-10,150,93,0.785,3915,1,OPEN
ORD-1324,2026-01-10,SKU-1033,WH-SOUTH,SUP-7,148,89,0.264,3150,0,OPEN
ORD-1325,2025-11-24,SKU-1042,WH-SOUTH,SUP-4,235,140,0.316,2690,0,OPEN
ORD-1326,2025-10-18,SKU-1036,WH-EAST,SUP-2,269,215,0.489,4436,1,OPEN
ORD-1327,2025-11-21,SKU-1033,WH-CENTRAL,SUP-1,35,20,0.374,2549,0,OPEN
ORD-1328,2026-02-11,SKU-1032,WH-SOUTH,SUP-4,211,163,0.379,4892,0,OPEN
ORD-1329,2025-11-10,SKU-1056,WH-WEST,SUP-5,337,316,0.56,3178,0,OPEN
ORD-1330,2025-09-29,SKU-1006,WH-EAST,SUP-10,188,163,0.093,874,0,OPEN
ORD-1331,2025-12-11,SKU-1022,WH-WEST,SUP-8,146,112,0.436,3655,0,OPEN
ORD-1332,2025-10-03,SKU-1028,WH-SOUTH,SUP-10,352,251,0.115,4827,0,OPEN
ORD-1333,2025-12-14,SKU-1032,WH-EAST,SUP-5,298,200,0.064,2779,0,OPEN
ORD-1334,2025-12-09,SKU-1006,WH-EAST,SUP-6,280,175,0.816,2207,1,OPEN
ORD-1335,2026-02-07,SKU-1037,WH-WEST,SUP-8,154,109,0.105,1817,0,OPEN
ORD-1336,2025-11-24,SKU-1021,WH-EAST,SUP-4,235,233,0.641,2497,0,OPEN
ORD-1337,2026-01-18,SKU-1037,WH-EAST,SUP-8,300,232,0.745,464,0,OPEN
ORD-1338,2025-12-05,SKU-1004,WH-SOUTH,SUP-8,177,114,0.124,4016,0,OPEN
ORD-1339,2025-10-27,SKU-1020,WH-CENTRAL,SUP-3,18,11,0.121,2038,0,OPEN
ORD-1340,2025-10-14,SKU-1023,WH-SOUTH,SUP-5,163,117,0.076,347,0,OPEN
ORD-1341,2025-10-04,SKU-1035,WH-EAST,SUP-5,105,76,0.838,546,0,OPEN
ORD-1342,2026-01-19,SKU-1018,WH-EAST,SUP-5,37,24,0.48,1087,0,OPEN
ORD-1343,2026-01-05,SKU-1025,WH-EAST,SUP-10,357,276,0.184,1953,0,OPEN
ORD-1344,2025-11-15,SKU-1029,WH-WEST,SUP-3,135,117,0.931,4263,1,OPEN
ORD-1345,2025-12-06,SKU-1043,WH-SOUTH,SUP-6,33,28,0.603,4378,1,OPEN
ORD-1346,2025-11-11,SKU-1059,WH-EAST,SUP-10,226,195,0.846,3576,1,OPEN
ORD-1347,2026-01-13,SKU-1021,WH-EAST,SUP-9,308,234,0.138,4017,0,OPEN
ORD-1348,2025-10-12,SKU-1044,WH-CENTRAL,SUP-9,127,116,0.575,290,0,OPEN
ORD-1349,2026-01-13,SKU-1027,WH-WEST,SUP-4,141,76,0.731,2581,1,OPEN
ORD-1350,2026-01-21,SKU-1014,WH-EAST,SUP-10,149,117,0.45,2655,0,OPEN
ORD-1351,2025-10-29,SKU-1035,WH-SOUTH,SUP-3,177,162,0.496,3483,0,OPEN
ORD-1352,2026-02-10,SKU-1014,WH-WEST,SUP-5,86,74,0.097,4617,0,OPEN
ORD-1353,2025-10-22,SKU-1011,WH-EAST,SUP-9,108,105,0.242,2186,0,OPEN
ORD-1354,2025-11-23,SKU-1012,WH-SOUTH,SUP-4,242,138,0.281,439,0,OPEN
ORD-1355,2025-11-24,SKU-1032,WH-CENTRAL,SUP-5,130,107,0.448,2839,0,OPEN
ORD-1356,2025-12-14,SKU-1025,WH-WEST,SUP-10,263,235,0.064,3859,0,OPEN
ORD-1357,2025-10-17,SKU-1052,WH-WEST,SUP-1,354,248,0.129,4446,0,OPEN
ORD-1358,2025-11-29,SKU-1059,WH-WEST,SUP-3,36,22,0.58,715,0,OPEN
ORD-1359,2026-02-24,SKU-1041,WH-CENTRAL,SUP-8,172,124,0.937,4783,1,OPEN
ORD-1360,2026-01-03,SKU-1053,WH-CENTRAL,SUP-2,39,35,0.281,3357,0,OPEN
ORD-1361,2025-10-11,SKU-1030,WH-CENTRAL,SUP-6,57,34,0.525,1457,0,OPEN
ORD-1362,2026-01-05,SKU-1031,WH-WEST,SUP-6,309,275,0.497,2505,0,OPEN
ORD-1363,2026-02-09,SKU-1007,WH-WEST,SUP-9,275,240,0.745,3855,1,OPEN
ORD-1364,2026-01-23,SKU-1030,WH-SOUTH,SUP-2,348,269,0.529,1356,0,OPEN
ORD-1365,2026-02-21,SKU-1034,WH-SOUTH,SUP-10,82,62,0.51,1957,0,OPEN
ORD-1366,2025-09-28,SKU-1016,WH-WEST,SUP-7,64,62,0.087,556,0,OPEN
ORD-1367,2026-02-07,SKU-1024,WH-CENTRAL,SUP-7,196,110,0.063,2307,0,OPEN
ORD-1368,2025-12-27,SKU-1014,WH-CENTRAL,SUP-4,67,35,0.449,3899,0,OPEN
ORD-1369,2026-01-18,SKU-1022,WH-EAST,SUP-2,284,215,0.161,2052,0,OPEN
ORD-1370,2026-02-19,SKU-1024,WH-CENTRAL,SUP-4,147,79,0.338,2716,0,OPEN
ORD-1371,2025-12-05,SKU-1043,WH-CENTRAL,SUP-1,168,105,0.184,878,0,OPEN
ORD-1372,2026-02-08,SKU-1015,WH-EAST,SUP-7,170,96,0.764,3201,1,OPEN
ORD-1373,2026-02-16,SKU-1058,WH-EAST,SUP-9,41,39,0.313,1196,0,OPEN
ORD-1374,2026-02-16,SKU-1045,WH-CENTRAL,SUP-6,264,198,0.634,1276,0,OPEN
ORD-1375,2025-10-11,SKU-1031,WH-WEST,SUP-8,265,166,0.583,4394,1,OPEN
ORD-1376,2026-01-14,SKU-1025,WH-CENTRAL,SUP-1,298,197,0.679,460,0,OPEN
ORD-1377,2025-12-21,SKU-1011,WH-SOUTH,SUP-9,333,197,0.295,2907,0,OPEN
ORD-1378,2025-12-18,SKU-1025,WH-CENTRAL,SUP-1,84,57,0.195,2796,0,OPEN
ORD-1379,2025-09-30,SKU-1040,WH-EAST,SUP-6,246,145,0.833,854,0,OPEN
ORD-1380,2025-09-30,SKU-1056,WH-WEST,SUP-2,50,46,0.494,2363,0,OPEN
ORD-1381,2025-11-10,SKU-1027,WH-WEST,SUP-6,336,262,0.695,4928,1,OPEN
ORD-1382,2025-10-20,SKU-1025,WH-WEST,SUP-3,268,148,0.449,3679,0,OPEN
ORD-1383,2026-01-17,SKU-1051,WH-EAST,SUP-1,172,159,0.074,3907,0,OPEN
ORD-1384,2026-01-23,SKU-1032,WH-WEST,SUP-9,263,190,0.16,1087,0,OPEN
ORD-1385,2026-01-25,SKU-1045,WH-SOUTH,SUP-5,79,40,0.183,3835,0,OPEN
ORD-1386,2026-02-15,SKU-1043,WH-CENTRAL,SUP-1,283,248,0.079,3309,0,OPEN
ORD-1387,2025-10-25,SKU-1021,WH-EAST,SUP-6,125,103,0.694,2751,0,OPEN
ORD-1388,2026-01-16,SKU-1004,WH-CENTRAL,SUP-3,161,120,0.914,3098,1,OPEN
ORD-1389,2025-11-30,SKU-1049,WH-CENTRAL,SUP-3,288,203,0.413,3033,0,OPEN
ORD-1390,2026-01-01,SKU-1018,WH-EAST,SUP-2,280,242,0.924,882,0,OPEN
ORD-1391,2026-02-10,SKU-1032,WH-WEST,SUP-1,337,332,0.151,794,0,OPEN
ORD-1392,2026-02-08,SKU-1015,WH-WEST,SUP-10,233,174,0.364,3484,0,OPEN
ORD-1393,2026-01-15,SKU-1042,WH-SOUTH,SUP-9,102,96,0.591,968,0,OPEN
ORD-1394,2025-10-24,SKU-1048,WH-WEST,SUP-5,299,231,0.631,1750,0,OPEN
ORD-1395,2026-02-06,SKU-1003,WH-EAST,SUP-2,297,184,0.076,3348,0,OPEN
ORD-1396,2025-10-03,SKU-1056,WH-SOUTH,SUP-4,285,244,0.855,996,0,OPEN
ORD-1397,2025-11-28,SKU-1016,WH-EAST,SUP-6,275,245,0.945,3366,1,OPEN
ORD-1398,2025-10-19,SKU-1058,WH-CENTRAL,SUP-4,9,5,0.316,3785,0,OPEN
ORD-1399,2025-10-14,SKU-1051,WH-SOUTH,SUP-7,87,52,0.316,2029,0,OPEN
ORD-1400,2026-01-06,SKU-1046,WH-SOUTH,SUP-5,36,20,0.618,745,0,OPEN
ORD-1401,2025-12-31,SKU-1001,WH-EAST,SUP-5,297,154,0.427,4091,0,OPEN
ORD-1402,2025-11-24,SKU-1008,WH-EAST,SUP-8,39,26,0.519,499,0,OPEN
ORD-1403,2026-02-20,SKU-1041,WH-WEST,SUP-9,156,116,0.827,1189,0,OPEN
ORD-1404,2026-02-23,SKU-1050,WH-CENTRAL,SUP-6,325,256,0.629,4443,1,OPEN
ORD-1405,2025-10-07,SKU-1055,WH-SOUTH,SUP-3,58,43,0.156,857,0,OPEN
ORD-1406,2026-01-20,SKU-1014,WH-SOUTH,SUP-7,177,161,0.347,4937,0,OPEN
ORD-1407,2025-10-23,SKU-1050,WH-WEST,SUP-9,205,120,0.828,376,0,OPEN
ORD-1408,2025-10-12,SKU-1000,WH-SOUTH,SUP-4,50,48,0.89,1191,0,OPEN
ORD-1409,2026-02-19,SKU-1009,WH-EAST,SUP-9,97,85,0.327,4672,0,OPEN
ORD-1410,2026-02-07,SKU-1054,WH-WEST,SUP-5,60,31,0.12,3873,0,OPEN
ORD-1411,2026-01-13,SKU-1007,WH-SOUTH,SUP-6,197,104,0.754,2682,1,OPEN
ORD-1412,2026-02-08,SKU-1045,WH-SOUTH,SUP-6,184,102,0.246,4786,0,OPEN
ORD-1413,2025-12-29,SKU-1022,WH-SOUTH,SUP-5,344,277,0.253,2918,0,OPEN
ORD-1414,2025-10-31,SKU-1037,WH-SOUTH,SUP-2,58,45,0.421,557,0,OPEN
ORD-1415,2025-09-30,SKU-1003,WH-SOUTH,SUP-9,78,48,0.125,3293,0,OPEN
ORD-1416,2025-12-13,SKU-1017,WH-SOUTH,SUP-10,154,128,0.66,3842,1,OPEN
ORD-1417,2026-02-20,SKU-1036,WH-SOUTH,SUP-5,202,135,0.822,666,0,OPEN
ORD-1418,2025-10-31,SKU-1021,WH-CENTRAL,SUP-1,95,84,0.353,3867,0,OPEN
ORD-1419,2025-09-28,SKU-1039,WH-CENTRAL,SUP-10,188,162,0.656,4410,1,OPEN
ORD-1420,2025-10-14,SKU-1001,WH-EAST,SUP-2,335,206,0.17,4766,0,OPEN
ORD-1421,2025-11-23,SKU-1040,WH-EAST,SUP-2,67,35,0.373,4887,1,OPEN
ORD-1422,2026-02-11,SKU-1039,WH-WEST,SUP-8,269,217,0.19,4397,0,OPEN
ORD-1423,2025-12-27,SKU-1049,WH-SOUTH,SUP-1,222,120,0.144,1252,0,OPEN
ORD-1424,2025-10-07,SKU-1010,WH-CENTRAL,SUP-7,287,225,0.298,1853,0,OPEN
ORD-1425,2025-12-26,SKU-1019,WH-CENTRAL,SUP-2,95,79,0.381,1235,0,OPEN
ORD-1426,2025-11-03,SKU-1008,WH-CENTRAL,SUP-9,342,196,0.071,3959,0,OPEN
ORD-1427,2025-11-17,SKU-1000,WH-WEST,SUP-9,327,289,0.627,4270,1,OPEN
ORD-1428,2026-01-04,SKU-1050,WH-WEST,SUP-7,9,6,0.629,1591,0,OPEN
ORD-1429,2026-01-09,SKU-1010,WH-CENTRAL,SUP-5,309,251,0.309,2581,0,OPEN
ORD-1430,2025-11-16,SKU-1027,WH-CENTRAL,SUP-9,71,53,0.441,2783,0,OPEN
ORD-1431,2026-01-11,SKU-1049,WH-EAST,SUP-5,194,166,0.295,1032,0,OPEN
ORD-1432,2025-11-27,SKU-1034,WH-CENTRAL,SUP-2,276,206,0.141,693,0,OPEN
ORD-1433,2025-10-29,SKU-1008,WH-SOUTH,SUP-7,94,71,0.908,4860,1,OPEN
ORD-1434,2026-02-07,SKU-1025,WH-EAST,SUP-7,324,238,0.889,3784,1,OPEN
ORD-1435,2026-01-07,SKU-1006,WH-WEST,SUP-3,58,33,0.464,4201,1,OPEN
ORD-1436,2025-12-03,SKU-1017,WH-WEST,SUP-5,129,105,0.788,4862,1,OPEN
ORD-1437,2025-10-26,SKU-1041,WH-SOUTH,SUP-5,88,45,0.507,1912,0,OPEN
ORD-1438,2026-02-16,SKU-1028,WH-SOUTH,SUP-2,46,32,0.912,271,0,OPEN
ORD-1439,2026-01-05,SKU-1036,WH-SOUTH,SUP-7,193,171,0.601,3176,0,OPEN
ORD-1440,2026-01-15,SKU-1000,WH-SOUTH,SUP-9,223,206,0.823,1184,0,OPEN
ORD-1441,2025-11-14,SKU-1055,WH-CENTRAL,SUP-1,214,197,0.554,3664,0,OPEN
ORD-1442,2025-11-14,SKU-1008,WH-EAST,SUP-8,214,186,0.554,1255,0,OPEN
ORD-1443,2026-02-24,SKU-1048,WH-WEST,SUP-5,55,54,0.614,1841,0,OPEN
ORD-1444,2025-11-16,SKU-1031,WH-SOUTH,SUP-1,253,251,0.806,4289,1,OPEN
ORD-1445,2025-12-05,SKU-1052,WH-CENTRAL,SUP-6,271,190,0.161,2960,0,OPEN
ORD-1446,2026-02-14,SKU-1031,WH-SOUTH,SUP-3,136,113,0.694,1408,0,OPEN
ORD-1447,2025-12-20,SKU-1054,WH-WEST,SUP-5,179,103,0.693,1943,0,OPEN
ORD-1448,2025-11-23,SKU-1033,WH-SOUTH,SUP-7,76,61,0.949,1564,1,OPEN
ORD-1449,2025-10-30,SKU-1000,WH-SOUTH,SUP-2,351,233,0.367,4233,0,OPEN
ORD-1450,2025-10-06,SKU-1027,WH-EAST,SUP-5,310,290,0.669,2301,0,OPEN
ORD-1451,2025-11-25,SKU-1056,WH-WEST,SUP-1,147,83,0.383,1201,0,OPEN
ORD-1452,2025-10-21,SKU-1051,WH-EAST,SUP-2,215,124,0.584,2219,0,OPEN
ORD-1453,2025-11-18,SKU-1015,WH-SOUTH,SUP-10,170,139,0.057,2296,0,OPEN
ORD-1454,2026-02-09,SKU-1000,WH-WEST,SUP-8,232,180,0.789,556,0,OPEN
ORD-1455,2026-01-30,SKU-1005,WH-EAST,SUP-8,286,231,0.221,358,0,OPEN
ORD-1456,2025-10-25,SKU-1039,WH-CENTRAL,SUP-5,171,136,0.489,3595,0,OPEN
ORD-1457,2025-10-19,SKU-1054,WH-SOUTH,SUP-6,152,79,0.196,3023,0,OPEN
ORD-1458,2026-02-11,SKU-1014,WH-EAST,SUP-4,208,166,0.9,515,0,OPEN
ORD-1459,2025-10-24,SKU-1017,WH-CENTRAL,SUP-8,283,203,0.702,372,0,OPEN
ORD-1460,2025-10-24,SKU-1040,WH-SOUTH,SUP-9,288,172,0.826,856,0,OPEN
ORD-1461,2025-12-09,SKU-1008,WH-CENTRAL,SUP-1,197,179,0.732,1759,0,OPEN
ORD-1462,2025-12-27,SKU-1037,WH-CENTRAL,SUP-5,184,159,0.858,1173,0,OPEN
ORD-1463,2025-11-18,SKU-1033,WH-CENTRAL,SUP-10,49,40,0.64,3816,1,OPEN
ORD-1464,2026-02-11,SKU-1025,WH-EAST,SUP-1,257,181,0.125,4832,0,OPEN
ORD-1465,2026-01-15,SKU-1049,WH-SOUTH,SUP-4,326,188,0.114,2755,0,OPEN
ORD-1466,2025-12-28,SKU-1003,WH-CENTRAL,SUP-1,292,146,0.725,3338,1,OPEN
ORD-1467,2026-01-14,SKU-1019,WH-CENTRAL,SUP-5,324,302,0.309,1768,0,OPEN
ORD-1468,2026-01-11,SKU-1033,WH-EAST,SUP-8,262,192,0.694,2961,1,OPEN
ORD-1469,2025-12-04,SKU-1051,WH-SOUTH,SUP-1,52,38,0.442,2483,0,OPEN
ORD-1470,2026-01-21,SKU-1013,WH-EAST,SUP-4,248,160,0.818,1673,0,OPEN
ORD-1471,2025-12-20,SKU-1058,WH-CENTRAL,SUP-4,124,87,0.355,654,0,OPEN
ORD-1472,2025-11-13,SKU-1012,WH-CENTRAL,SUP-8,240,195,0.132,4902,0,OPEN
ORD-1473,2026-02-06,SKU-1032,WH-WEST,SUP-2,207,149,0.804,1322,0,OPEN
ORD-1474,2026-02-10,SKU-1043,WH-CENTRAL,SUP-9,118,107,0.321,3935,0,OPEN
ORD-1475,2025-10-16,SKU-1013,WH-SOUTH,SUP-4,45,26,0.407,4600,1,OPEN
ORD-1476,2025-11-15,SKU-1049,WH-CENTRAL,SUP-8,282,158,0.748,3289,1,OPEN
ORD-1477,2025-11-09,SKU-1017,WH-SOUTH,SUP-5,150,138,0.276,775,0,OPEN
ORD-1478,2026-01-02,SKU-1003,WH-CENTRAL,SUP-3,300,179,0.895,4923,1,OPEN
ORD-1479,2026-01-27,SKU-1010,WH-CENTRAL,SUP-7,31,20,0.076,3944,0,OPEN
ORD-1480,2026-01-29,SKU-1038,WH-CENTRAL,SUP-5,201,174,0.735,1991,0,OPEN
ORD-1481,2025-10-08,SKU-1026,WH-SOUTH,SUP-2,195,100,0.818,3718,1,OPEN
ORD-1482,2025-12-13,SKU-1037,WH-EAST,SUP-8,91,69,0.611,3774,1,OPEN
ORD-1483,2025-12-01,SKU-1023,WH-EAST,SUP-9,177,117,0.225,3208,0,OPEN
ORD-1484,2026-01-21,SKU-1013,WH-EAST,SUP-2,228,220,0.144,743,0,OPEN
ORD-1485,2025-12-16,SKU-1017,WH-EAST,SUP-10,334,254,0.744,3909,1,OPEN
ORD-1486,2026-01-07,SKU-1003,WH-CENTRAL,SUP-6,56,42,0.707,2580,0,OPEN
ORD-1487,2025-10-18,SKU-1024,WH-CENTRAL,SUP-2,291,239,0.753,738,0,OPEN
ORD-1488,2026-01-14,SKU-1002,WH-EAST,SUP-7,224,201,0.93,4799,1,OPEN
ORD-1489,2026-02-09,SKU-1015,WH-WEST,SUP-2,102,65,0.594,1847,0,OPEN
ORD-1490,2025-11-16,SKU-1024,WH-CENTRAL,SUP-1,43,22,0.903,1420,1,OPEN
ORD-1491,2026-02-11,SKU-1051,WH-EAST,SUP-8,247,196,0.937,1768,1,OPEN
ORD-1492,2026-02-01,SKU-1031,WH-CENTRAL,SUP-5,283,204,0.58,1101,0,OPEN
ORD-1493,2025-10-01,SKU-1054,WH-WEST,SUP-4,345,209,0.746,1175,0,OPEN
ORD-1494,2025-11-07,SKU-1059,WH-CENTRAL,SUP-5,222,190,0.198,1491,0,OPEN
ORD-1495,2026-02-06,SKU-1026,WH-EAST,SUP-3,53,45,0.949,1233,1,OPEN
ORD-1496,2025-11-14,SKU-1007,WH-CENTRAL,SUP-8,67,66,0.497,4359,0,OPEN
ORD-1497,2025-12-19,SKU-1006,WH-SOUTH,SUP-3,195,189,0.501,1583,0,OPEN
ORD-1498,2025-10-17,SKU-1044,WH-EAST,SUP-5,204,125,0.667,2376,0,OPEN
ORD-1499,2025-10-01,SKU-1017,WH-EAST,SUP-2,58,40,0.82,4817,1,OPEN
ORD-1500,2026-02-13,SKU-1019,WH-CENTRAL,SUP-9,342,298,0.299,1018,0,OPEN
ORD-1501,2026-01-08,SKU-1041,WH-EAST,SUP-10,97,49,0.727,1961,0,OPEN
ORD-1502,2025-10-12,SKU-1002,WH-SOUTH,SUP-6,14,12,0.799,2696,1,OPEN
ORD-1503,2025-10-08,SKU-1058,WH-CENTRAL,SUP-7,181,149,0.407,3974,0,OPEN
ORD-1504,2026-01-12,SKU-1053,WH-EAST,SUP-8,207,135,0.445,3384,0,OPEN
ORD-1505,2026-01-31,SKU-1045,WH-WEST,SUP-3,11,10,0.844,3765,1,OPEN
ORD-1506,2025-10-06,SKU-1055,WH-SOUTH,SUP-2,358,262,0.351,1849,0,OPEN
ORD-1507,2025-10-15,SKU-1003,WH-EAST,SUP-10,177,109,0.775,3729,1,OPEN
ORD-1508,2026-01-25,SKU-1050,WH-EAST,SUP-2,105,95,0.851,2520,1,OPEN
ORD-1509,2026-02-24,SKU-1020,WH-CENTRAL,SUP-4,112,107,0.378,2493,0,OPEN
ORD-1510,2025-11-25,SKU-1040,WH-SOUTH,SUP-10,330,189,0.334,2668,0,OPEN
ORD-1511,2025-12-11,SKU-1004,WH-WEST,SUP-8,30,29,0.219,2580,0,OPEN
ORD-1512,2026-01-19,SKU-1011,WH-SOUTH,SUP-7,8,4,0.231,4671,0,OPEN
ORD-1513,2025-10-07,SKU-1033,WH-WEST,SUP-8,195,164,0.825,973,0,OPEN
ORD-1514,2025-10-16,SKU-1010,WH-SOUTH,SUP-5,250,186,0.301,1776,0,OPEN
ORD-1515,2025-10-31,SKU-1023,WH-CENTRAL,SUP-5,78,72,0.293,4431,0,OPEN
ORD-1516,2026-02-24,SKU-1052,WH-SOUTH,SUP-8,248,246,0.636,2302,0,OPEN
ORD-1517,2025-11-14,SKU-1026,WH-EAST,SUP-7,78,42,0.305,1924,0,OPEN
ORD-1518,2026-02-20,SKU-1034,WH-CENTRAL,SUP-6,264,192,0.304,4297,0,OPEN
ORD-1519,2025-12-15,SKU-1017,WH-WEST,SUP-3,339,316,0.888,3587,1,OPEN
ORD-1520,2025-10-19,SKU-1004,WH-SOUTH,SUP-8,341,239,0.941,3245,1,OPEN
ORD-1521,2025-10-31,SKU-1005,WH-SOUTH,SUP-8,161,94,0.737,4356,1,OPEN
ORD-1522,2025-11-26,SKU-1026,WH-EAST,SUP-8,29,21,0.756,573,0,OPEN
ORD-1523,2025-11-09,SKU-1046,WH-WEST,SUP-3,200,104,0.386,2891,0,OPEN
ORD-1524,2026-02-02,SKU-1037,WH-SOUTH,SUP-7,30,17,0.365,4042,0,OPEN
ORD-1525,2026-01-31,SKU-1020,WH-CENTRAL,SUP-2,44,40,0.787,1871,0,OPEN
ORD-1526,2025-11-19,SKU-1005,WH-EAST,SUP-3,151,138,0.524,3215,0,OPEN
ORD-1527,2025-11-09,SKU-1004,WH-WEST,SUP-4,342,308,0.239,4382,0,OPEN
ORD-1528,2025-10-31,SKU-1010,WH-SOUTH,SUP-6,127,67,0.343,1456,0,OPEN
ORD-1529,2025-10-26,SKU-1012,WH-EAST,SUP-8,214,176,0.705,561,0,OPEN
ORD-1530,2026-01-27,SKU-1026,WH-CENTRAL,SUP-5,12,8,0.399,4213,0,OPEN
ORD-1531,2025-11-15,SKU-1002,WH-WEST,SUP-8,111,92,0.779,3797,1,OPEN
ORD-1532,2026-01-18,SKU-1053,WH-EAST,SUP-6,329,220,0.251,2210,0,OPEN
ORD-1533,2026-01-20,SKU-1052,WH-EAST,SUP-3,241,156,0.052,1504,0,OPEN
ORD-1534,2025-11-06,SKU-1002,WH-CENTRAL,SUP-6,334,321,0.179,4531,0,OPEN
ORD-1535,2025-12-28,SKU-1010,WH-WEST,SUP-1,234,197,0.146,3528,0,OPEN
ORD-1536,2025-12-05,SKU-1013,WH-SOUTH,SUP-3,275,224,0.22,1790,0,OPEN
ORD-1537,2026-01-24,SKU-1056,WH-WEST,SUP-6,178,134,0.93,1156,1,OPEN
ORD-1538,2025-12-29,SKU-1038,WH-EAST,SUP-8,191,123,0.637,2860,0,OPEN
ORD-1539,2025-12-31,SKU-1058,WH-SOUTH,SUP-8,158,113,0.44,4449,0,OPEN
ORD-1540,2026-02-21,SKU-1023,WH-CENTRAL,SUP-10,120,113,0.178,1471,0,OPEN
ORD-1541,2025-12-25,SKU-1007,WH-SOUTH,SUP-1,41,37,0.779,2409,0,OPEN
ORD-1542,2026-02-09,SKU-1045,WH-CENTRAL,SUP-1,107,58,0.625,2633,0,OPEN
ORD-1543,2025-10-27,SKU-1047,WH-SOUTH,SUP-2,275,245,0.286,643,0,OPEN
ORD-1544,2026-02-20,SKU-1039,WH-WEST,SUP-5,199,166,0.481,1650,0,OPEN
ORD-1545,2025-11-04,SKU-1012,WH-WEST,SUP-5,21,17,0.813,4033,1,OPEN
ORD-1546,2026-02-13,SKU-1044,WH-CENTRAL,SUP-9,125,82,0.915,2261,1,OPEN
ORD-1547,2026-01-29,SKU-1042,WH-EAST,SUP-2,30,29,0.906,1775,1,OPEN
ORD-1548,2026-01-10,SKU-1029,WH-CENTRAL,SUP-9,313,244,0.577,2844,0,OPEN
ORD-1549,2025-10-26,SKU-1057,WH-CENTRAL,SUP-4,227,209,0.527,554,0,OPEN
ORD-1550,2025-10-27,SKU-1023,WH-EAST,SUP-5,329,178,0.428,120,0,OPEN
ORD-1551,2025-11-11,SKU-1027,WH-CENTRAL,SUP-2,315,236,0.057,4231,0,OPEN
ORD-1552,2025-09-29,SKU-1022,WH-EAST,SUP-2,307,190,0.316,368,0,OPEN
ORD-1553,2026-01-06,SKU-1012,WH-SOUTH,SUP-8,324,228,0.793,495,0,OPEN
ORD-1554,2025-11-05,SKU-1034,WH-SOUTH,SUP-5,258,171,0.374,1523,0,OPEN
ORD-1555,2025-11-29,SKU-1039,WH-WEST,SUP-8,85,66,0.641,1096,0,OPEN
ORD-1556,2025-10-22,SKU-1039,WH-SOUTH,SUP-1,181,102,0.933,4194,1,OPEN
ORD-1557,2026-02-08,SKU-1036,WH-EAST,SUP-10,294,212,0.764,1026,0,OPEN
ORD-1558,2025-10-21,SKU-1030,WH-CENTRAL,SUP-3,12,7,0.335,2011,0,OPEN
ORD-1559,2026-01-31,SKU-1014,WH-CENTRAL,SUP-1,72,60,0.263,2077,0,OPEN
ORD-1560,2025-10-20,SKU-1002,WH-EAST,SUP-4,335,209,0.883,3274,1,OPEN
ORD-1561,2026-01-16,SKU-1032,WH-EAST,SUP-2,75,50,0.24,4872,0,OPEN
ORD-1562,2026-02-24,SKU-1058,WH-EAST,SUP-9,172,108,0.693,428,0,OPEN
ORD-1563,2025-10-31,SKU-1030,WH-SOUTH,SUP-9,170,164,0.624,436,0,OPEN
ORD-1564,2026-01-27,SKU-1014,WH-WEST,SUP-8,95,52,0.557,321,0,OPEN
ORD-1565,2026-01-28,SKU-1024,WH-EAST,SUP-7,210,124,0.33,4934,0,OPEN
ORD-1566,2025-10-14,SKU-1054,WH-WEST,SUP-3,29,27,0.927,3822,1,OPEN
ORD-1567,2026-01-14,SKU-1022,WH-WEST,SUP-7,194,133,0.743,1440,0,OPEN
ORD-1568,2025-10-01,SKU-1023,WH-SOUTH,SUP-9,357,312,0.421,1859,0,OPEN
ORD-1569,2025-12-09,SKU-1055,WH-EAST,SUP-1,330,178,0.198,2136,0,OPEN
ORD-1570,2026-01-16,SKU-1018,WH-SOUTH,SUP-2,178,101,0.417,1044,0,OPEN
ORD-1571,2025-12-24,SKU-1039,WH-CENTRAL,SUP-10,183,146,0.09,3967,0,OPEN
ORD-1572,2025-11-16,SKU-1044,WH-CENTRAL,SUP-2,95,55,0.217,2391,0,OPEN
ORD-1573,2026-01-24,SKU-1024,WH-EAST,SUP-4,135,83,0.264,4274,0,OPEN
ORD-1574,2026-01-11,SKU-1020,WH-CENTRAL,SUP-10,197,134,0.191,3278,0,OPEN
ORD-1575,2025-12-08,SKU-1033,WH-SOUTH,SUP-1,170,137,0.533,717,0,OPEN
ORD-1576,2026-01-23,SKU-1034,WH-SOUTH,SUP-9,202,117,0.181,593,0,OPEN
ORD-1577,2025-09-28,SKU-1037,WH-CENTRAL,SUP-2,73,38,0.131,3480,0,OPEN
ORD-1578,2025-11-20,SKU-1026,WH-EAST,SUP-2,254,176,0.113,3546,0,OPEN
ORD-1579,2025-12-10,SKU-1052,WH-SOUTH,SUP-2,261,218,0.846,2300,1,OPEN
ORD-1580,2026-01-21,SKU-1022,WH-CENTRAL,SUP-7,223,201,0.121,1039,0,OPEN
ORD-1581,2025-10-18,SKU-1027,WH-WEST,SUP-7,70,54,0.914,491,0,OPEN
ORD-1582,2025-10-21,SKU-1029,WH-WEST,SUP-1,230,152,0.886,4677,1,OPEN
ORD-1583,2025-10-22,SKU-1048,WH-WEST,SUP-5,177,170,0.51,4990,1,OPEN
ORD-1584,2026-01-18,SKU-1006,WH-EAST,SUP-6,258,169,0.847,2820,1,OPEN
ORD-1585,2026-02-02,SKU-1009,WH-WEST,SUP-4,40,35,0.07,2103,0,OPEN
ORD-1586,2025-11-03,SKU-1059,WH-WEST,SUP-3,178,156,0.729,1426,0,OPEN
ORD-1587,2025-12-12,SKU-1043,WH-EAST,SUP-2,261,216,0.528,3501,0,OPEN
ORD-1588,2025-12-03,SKU-1041,WH-EAST,SUP-4,52,39,0.601,2918,0,OPEN
ORD-1589,2025-12-21,SKU-1042,WH-CENTRAL,SUP-3,135,81,0.95,3755,1,OPEN
ORD-1590,2025-12-03,SKU-1043,WH-SOUTH,SUP-2,280,219,0.194,3519,0,OPEN
ORD-1591,2025-10-25,SKU-1000,WH-CENTRAL,SUP-9,284,143,0.328,1269,0,OPEN
ORD-1592,2026-02-07,SKU-1037,WH-EAST,SUP-3,190,185,0.668,947,0,OPEN
ORD-1593,2025-11-11,SKU-1038,WH-CENTRAL,SUP-4,67,51,0.212,1478,0,OPEN
ORD-1594,2026-01-08,SKU-1036,WH-SOUTH,SUP-2,289,213,0.878,1266,0,OPEN
ORD-1595,2025-11-22,SKU-1004,WH-WEST,SUP-1,179,174,0.196,2005,0,OPEN
ORD-1596,2025-12-09,SKU-1050,WH-EAST,SUP-8,143,132,0.404,479,0,OPEN
ORD-1597,2025-10-13,SKU-1054,WH-EAST,SUP-10,315,203,0.724,4426,1,OPEN
ORD-1598,2025-10-29,SKU-1012,WH-CENTRAL,SUP-9,234,226,0.831,3031,1,OPEN
ORD-1599,2026-02-08,SKU-1033,WH-CENTRAL,SUP-10,264,252,0.759,4197,1,OPEN
ORD-1600,2026-02-19,SKU-1026,WH-CENTRAL,SUP-7,153,89,0.787,1873,1,OPEN
ORD-1601,2026-02-07,SKU-1009,WH-SOUTH,SUP-4,80,57,0.417,3297,0,OPEN
ORD-1602,2026-02-02,SKU-1009,WH-WEST,SUP-2,181,125,0.389,2907,0,OPEN
ORD-1603,2025-12-14,SKU-1043,WH-WEST,SUP-7,42,32,0.542,1779,0,OPEN
ORD-1604,2025-10-26,SKU-1059,WH-WEST,SUP-1,260,214,0.207,2754,0,OPEN
ORD-1605,2025-11-18,SKU-1016,WH-WEST,SUP-1,218,153,0.533,1620,0,OPEN
ORD-1606,2025-12-18,SKU-1005,WH-CENTRAL,SUP-2,152,126,0.548,2222,0,OPEN
ORD-1607,2025-11-17,SKU-1004,WH-WEST,SUP-6,352,285,0.338,1833,0,OPEN
ORD-1608,2025-09-28,SKU-1032,WH-EAST,SUP-6,323,242,0.181,2010,0,OPEN
ORD-1609,2025-10-18,SKU-1033,WH-EAST,SUP-1,150,77,0.131,1982,0,OPEN
ORD-1610,2026-02-15,SKU-1009,WH-WEST,SUP-8,10,6,0.372,1172,0,OPEN
ORD-1611,2026-01-29,SKU-1047,WH-CENTRAL,SUP-3,255,175,0.537,2363,0,OPEN
ORD-1612,2026-01-18,SKU-1002,WH-EAST,SUP-4,303,259,0.936,1562,1,OPEN
ORD-1613,2026-02-09,SKU-1042,WH-CENTRAL,SUP-10,247,168,0.227,2071,0,OPEN
ORD-1614,2025-10-20,SKU-1047,WH-EAST,SUP-5,343,215,0.068,4895,0,OPEN
ORD-1615,2026-01-03,SKU-1048,WH-SOUTH,SUP-2,352,183,0.32,1753,0,OPEN
ORD-1616,2026-01-31,SKU-1026,WH-CENTRAL,SUP-4,28,23,0.472,3572,0,OPEN
ORD-1617,2025-11-12,SKU-1042,WH-CENTRAL,SUP-6,151,103,0.571,3783,1,OPEN
ORD-1618,2026-02-20,SKU-1052,WH-WEST,SUP-1,319,243,0.354,1719,0,OPEN
ORD-1619,2026-01-10,SKU-1023,WH-EAST,SUP-6,39,36,0.872,4401,1,OPEN
ORD-1620,2025-11-02,SKU-1054,WH-SOUTH,SUP-2,156,129,0.243,134,0,OPEN
ORD-1621,2025-11-08,SKU-1013,WH-WEST,SUP-3,42,26,0.287,4382,0,OPEN
ORD-1622,2025-12-16,SKU-1006,WH-CENTRAL,SUP-6,77,49,0.282,1299,0,OPEN
ORD-1623,2025-12-05,SKU-1020,WH-CENTRAL,SUP-10,328,266,0.921,835,0,OPEN
ORD-1624,2025-10-18,SKU-1000,WH-EAST,SUP-6,192,175,0.48,1241,0,OPEN
ORD-1625,2026-01-12,SKU-1049,WH-WEST,SUP-6,83,49,0.367,2934,0,OPEN
ORD-1626,2025-10-23,SKU-1043,WH-EAST,SUP-5,87,61,0.096,3066,0,OPEN
ORD-1627,2025-12-03,SKU-1001,WH-CENTRAL,SUP-1,213,128,0.397,934,0,OPEN
ORD-1628,2026-01-15,SKU-1017,WH-SOUTH,SUP-6,219,122,0.774,3381,1,OPEN
ORD-1629,2025-12-17,SKU-1004,WH-CENTRAL,SUP-8,232,196,0.805,4402,1,OPEN
ORD-1630,2026-02-07,SKU-1025,WH-CENTRAL,SUP-6,209,146,0.906,2222,1,OPEN
ORD-1631,2025-10-21,SKU-1055,WH-SOUTH,SUP-5,325,229,0.229,2587,0,OPEN
ORD-1632,2026-02-13,SKU-1040,WH-CENTRAL,SUP-9,297,273,0.085,4606,0,OPEN
ORD-1633,2025-10-27,SKU-1000,WH-CENTRAL,SUP-2,157,79,0.21,147,0,OPEN
ORD-1634,2025-12-14,SKU-1035,WH-EAST,SUP-6,33,20,0.113,1298,0,OPEN
ORD-1635,2026-01-21,SKU-1033,WH-WEST,SUP-4,96,50,0.828,4078,1,OPEN
ORD-1636,2026-02-05,SKU-1019,WH-CENTRAL,SUP-3,256,130,0.308,3250,0,OPEN
ORD-1637,2026-01-23,SKU-1053,WH-CENTRAL,SUP-6,327,250,0.803,3386,1,OPEN
ORD-1638,2025-12-12,SKU-1044,WH-EAST,SUP-4,20,13,0.31,1566,0,OPEN
ORD-1639,2025-10-21,SKU-1031,WH-WEST,SUP-5,223,187,0.143,655,0,OPEN
ORD-1640,2026-01-28,SKU-1007,WH-EAST,SUP-10,276,164,0.294,1018,0,OPEN
ORD-1641,2025-10-20,SKU-1044,WH-EAST,SUP-5,357,201,0.601,4307,1,OPEN
ORD-1642,2025-10-30,SKU-1012,WH-EAST,SUP-1,248,215,0.925,3657,1,OPEN
ORD-1643,2025-10-18,SKU-1001,WH-SOUTH,SUP-1,281,147,0.623,380,0,OPEN
ORD-1644,2025-12-27,SKU-1039,WH-WEST,SUP-9,28,21,0.773,1189,0,OPEN
ORD-1645,2025-12-31,SKU-1044,WH-CENTRAL,SUP-1,241,126,0.511,4482,1,OPEN
ORD-1646,2026-02-06,SKU-1008,WH-WEST,SUP-8,18,17,0.881,2111,1,OPEN
ORD-1647,2026-02-05,SKU-1037,WH-CENTRAL,SUP-5,174,164,0.822,4992,1,OPEN
ORD-1648,2025-11-24,SKU-1019,WH-EAST,SUP-3,29,15,0.94,1362,1,OPEN
ORD-1649,2025-12-05,SKU-1037,WH-SOUTH,SUP-10,8,7,0.81,2262,0,OPEN
ORD-1650,2025-12-10,SKU-1020,WH-EAST,SUP-7,228,177,0.678,2970,1,OPEN
ORD-1651,2025-10-05,SKU-1016,WH-EAST,SUP-2,297,258,0.799,3032,1,OPEN
ORD-1652,2026-01-05,SKU-1055,WH-SOUTH,SUP-3,215,198,0.855,3203,1,OPEN
ORD-1653,2025-11-29,SKU-1036,WH-CENTRAL,SUP-3,133,96,0.66,2005,0,OPEN
ORD-1654,2025-11-26,SKU-1024,WH-SOUTH,SUP-1,208,151,0.121,3166,0,OPEN
ORD-1655,2025-11-14,SKU-1045,WH-SOUTH,SUP-5,28,18,0.444,2437,0,OPEN
ORD-1656,2025-10-03,SKU-1045,WH-EAST,SUP-8,179,144,0.921,3080,1,OPEN
ORD-1657,2026-02-20,SKU-1050,WH-CENTRAL,SUP-4,268,138,0.673,4157,1,OPEN
ORD-1658,2025-10-10,SKU-1035,WH-WEST,SUP-4,86,72,0.409,241,0,OPEN
ORD-1659,2025-12-25,SKU-1004,WH-SOUTH,SUP-9,354,306,0.848,3969,1,OPEN
ORD-1660,2026-02-02,SKU-1037,WH-EAST,SUP-5,73,61,0.373,3345,0,OPEN
ORD-1661,2026-01-29,SKU-1053,WH-EAST,SUP-8,267,216,0.403,2112,0,OPEN
ORD-1662,2026-02-17,SKU-1002,WH-EAST,SUP-6,150,99,0.533,2590,0,OPEN
ORD-1663,2026-02-12,SKU-1042,WH-SOUTH,SUP-7,69,58,0.659,4184,1,OPEN
ORD-1664,2025-12-14,SKU-1005,WH-CENTRAL,SUP-8,36,24,0.564,2290,0,OPEN
ORD-1665,2026-01-23,SKU-1032,WH-WEST,SUP-2,129,105,0.35,1660,0,OPEN
ORD-1666,2026-01-24,SKU-1024,WH-CENTRAL,SUP-7,295,184,0.556,4678,1,OPEN
ORD-1667,2026-01-12,SKU-1044,WH-CENTRAL,SUP-4,128,80,0.367,3948,0,OPEN
ORD-1668,2025-12-18,SKU-1009,WH-WEST,SUP-4,235,193,0.653,1140,0,OPEN
ORD-1669,2025-12-11,SKU-1044,WH-SOUTH,SUP-8,115,67,0.552,1631,0,OPEN
ORD-1670,2025-12-22,SKU-1013,WH-EAST,SUP-1,179,164,0.147,3033,0,OPEN
ORD-1671,2025-11-25,SKU-1033,WH-CENTRAL,SUP-6,248,225,0.618,4177,1,OPEN
ORD-1672,2026-01-22,SKU-1004,WH-CENTRAL,SUP-5,274,212,0.896,4369,1,OPEN
ORD-1673,2025-12-05,SKU-1051,WH-WEST,SUP-2,262,164,0.611,1384,0,OPEN
ORD-1674,2025-11-24,SKU-1011,WH-EAST,SUP-3,200,134,0.116,3341,0,OPEN
ORD-1675,2026-01-02,SKU-1052,WH-SOUTH,SUP-9,106,60,0.547,2615,0,OPEN
ORD-1676,2026-01-15,SKU-1016,WH-CENTRAL,SUP-9,58,50,0.197,2061,0,OPEN
ORD-1677,2026-02-02,SKU-1048,WH-WEST,SUP-10,145,141,0.426,970,0,OPEN
ORD-1678,2025-11-13,SKU-1021,WH-SOUTH,SUP-7,278,155,0.199,3443,0,OPEN
ORD-1679,2025-12-12,SKU-1013,WH-CENTRAL,SUP-8,121,64,0.876,423,0,OPEN
ORD-1680,2025-10-19,SKU-1014,WH-SOUTH,SUP-3,143,102,0.746,1405,0,OPEN
ORD-1681,2025-10-13,SKU-1023,WH-CENTRAL,SUP-6,98,96,0.564,2108,0,OPEN
ORD-1682,2025-10-23,SKU-1012,WH-EAST,SUP-1,69,41,0.318,548,0,OPEN
ORD-1683,2025-10-13,SKU-1055,WH-CENTRAL,SUP-2,239,143,0.143,473,0,OPEN
ORD-1684,2026-02-13,SKU-1032,WH-SOUTH,SUP-7,275,192,0.689,590,0,OPEN
ORD-1685,2025-10-10,SKU-1033,WH-SOUTH,SUP-4,290,193,0.267,772,0,OPEN
ORD-1686,2025-09-28,SKU-1006,WH-SOUTH,SUP-1,59,37,0.868,1569,1,OPEN
ORD-1687,2025-10-14,SKU-1010,WH-SOUTH,SUP-5,259,203,0.84,1938,1,OPEN
ORD-1688,2025-10-07,SKU-1058,WH-WEST,SUP-1,59,32,0.196,3502,0,OPEN
ORD-1689,2025-11-30,SKU-1048,WH-SOUTH,SUP-6,346,188,0.947,3836,1,OPEN
ORD-1690,2026-02-14,SKU-1025,WH-SOUTH,SUP-6,352,262,0.922,2982,1,OPEN
ORD-1691,2025-12-09,SKU-1010,WH-SOUTH,SUP-6,339,330,0.121,1886,0,OPEN
ORD-1692,2025-10-22,SKU-1002,WH-CENTRAL,SUP-6,237,141,0.51,677,0,OPEN
ORD-1693,2026-01-22,SKU-1057,WH-SOUTH,SUP-2,347,213,0.312,273,0,OPEN
ORD-1694,2026-01-01,SKU-1020,WH-WEST,SUP-6,218,133,0.616,4933,1,OPEN
ORD-1695,2025-11-05,SKU-1039,WH-EAST,SUP-6,283,153,0.806,2171,1,OPEN
ORD-1696,2025-12-25,SKU-1018,WH-CENTRAL,SUP-6,137,75,0.288,2663,0,OPEN
ORD-1697,2025-11-29,SKU-1056,WH-WEST,SUP-9,137,90,0.113,2158,0,OPEN
ORD-1698,2026-02-07,SKU-1020,WH-WEST,SUP-1,254,163,0.38,969,0,OPEN
ORD-1699,2025-12-26,SKU-1018,WH-CENTRAL,SUP-3,270,214,0.229,1306,0,OPEN
